ArmandEnderle@gmail.com,Armand,Enderle,(473)259-5186,xjckxwmt
AlbertoScarlett@gmail.com,Alberto,Scarlett,(337)926-8804,gqzsiijt
WyattRuoff@gmail.com,Wyatt,Ruoff,(516)560-5642,dxpnraxj
AlfonsoDenmark@gmail.com,Alfonso,Denmark,(515)325-7213,gospdief
PearlStraube@gmail.com,Pearl,Straube,(637)979-1751,jqzvybcz
VincentWohlwend@gmail.com,Vincent,Wohlwend,(347)285-2855,qwxlgxxx
BreanneFlick@gmail.com,Breanne,Flick,(243)427-7801,qemtzmwi
AnnetteOnken@gmail.com,Annette,Onken,(826)931-1358,tespxxyc
DorothySherk@gmail.com,Dorothy,Sherk,(943)572-8719,vqavbqyk
InaLecroy@gmail.com,Ina,Lecroy,(956)891-5692,psdepxop
AlanePiland@gmail.com,Alane,Piland,(685)784-0090,yvezpcuf
AllineBodiford@gmail.com,Alline,Bodiford,(817)858-9790,pxysrkuv
NovaImburgia@gmail.com,Nova,Imburgia,(201)520-5282,yliggegi
TomekaAmerson@gmail.com,Tomeka,Amerson,(391)253-4028,wcmhlpqh
DrusillaKogan@gmail.com,Drusilla,Kogan,(887)385-2800,rkwjddwx
LloydWoodruff@gmail.com,Lloyd,Woodruff,(978)908-5703,bzvwtpxt
ConnieSmolen@gmail.com,Connie,Smolen,(649)851-8356,qycqwzyq
MaryettaPalmateer@gmail.com,Maryetta,Palmateer,(753)513-8599,avpuidgy
KrystleTrembath@gmail.com,Krystle,Trembath,(956)834-9666,vvlxkyxv
JulietaMarts@gmail.com,Julieta,Marts,(492)489-8849,qzsfhsjz
CleliaHodgins@gmail.com,Clelia,Hodgins,(874)976-8869,ebighhlz
WillieWoodham@gmail.com,Willie,Woodham,(771)299-4461,osposyqp
AimeeVanderploeg@gmail.com,Aimee,Vanderploeg,(968)855-9992,csiduveo
VeronikaLuoma@gmail.com,Veronika,Luoma,(928)428-2564,louwakdj
ClydeKnell@gmail.com,Clyde,Knell,(354)414-8451,ywmdrjkf
YvonneHonig@gmail.com,Yvonne,Honig,(395)371-3281,wswtvwdi
LeeanneSauer@gmail.com,Leeanne,Sauer,(935)761-3437,hehxnwql
SharitaMedellin@gmail.com,Sharita,Medellin,(694)476-0996,lkzzcokd
AntioneNuttall@gmail.com,Antione,Nuttall,(672)394-8182,mfszhiuw
MelonieHelmers@gmail.com,Melonie,Helmers,(376)928-2735,ejonfcar
BrittJarrett@gmail.com,Britt,Jarrett,(447)916-9841,dxrxbghy
GeriBermudes@gmail.com,Geri,Bermudes,(751)276-1619,cioyfmjs
EstelaCovington@gmail.com,Estela,Covington,(821)546-2572,pdmqtpox
AnnelieseRinaldi@gmail.com,Anneliese,Rinaldi,(401)914-7948,rnuncure
FrankieHusted@gmail.com,Frankie,Husted,(966)392-6237,mdbwsfvw
NeliaKernan@gmail.com,Nelia,Kernan,(435)732-5230,obzilpqp
ThuFuentes@gmail.com,Thu,Fuentes,(522)691-3154,khebjyup
CandieOlivarria@gmail.com,Candie,Olivarria,(648)682-2194,cfkduced
LinneaPundt@gmail.com,Linnea,Pundt,(394)885-6150,bopvnkeg
LeandroCaudillo@gmail.com,Leandro,Caudillo,(583)956-4106,lhnefehl
HienMontufar@gmail.com,Hien,Montufar,(575)241-3435,wdzvtyax
HarleyCano@gmail.com,Harley,Cano,(543)271-1420,yihgkqiq
AbbeyBolds@gmail.com,Abbey,Bolds,(201)802-3380,cewvxwis
SoniaEffler@gmail.com,Sonia,Effler,(678)704-0602,vijsxlqm
RitaMcclain@gmail.com,Rita,Mcclain,(465)307-3911,xcfuyyfw
AdeleStjean@gmail.com,Adele,Stjean,(453)347-1092,cxgdkhmh
YasminVento@gmail.com,Yasmin,Vento,(912)583-0641,macpgpbo
MariLaxson@gmail.com,Mari,Laxson,(510)522-8743,bklowwar
FelishaGodoy@gmail.com,Felisha,Godoy,(984)294-3307,qytspufw
IsabellePasillas@gmail.com,Isabelle,Pasillas,(459)915-6456,pecgpjec
CharlesGiven@gmail.com,Charles,Given,(649)266-4203,iproagbq
AdalbertoDonald@gmail.com,Adalberto,Donald,(340)744-1304,jhoyisel
YevetteMars@gmail.com,Yevette,Mars,(570)281-8003,mkwbcedq
AsleyAparicio@gmail.com,Asley,Aparicio,(786)291-4313,pmpwcbom
DarenMax@gmail.com,Daren,Max,(491)715-0629,ghwdpbgj
TeenaScudder@gmail.com,Teena,Scudder,(818)794-6680,guyvfitf
ClaribelBrugh@gmail.com,Claribel,Brugh,(693)431-5632,xgckpmsc
AlecWheless@gmail.com,Alec,Wheless,(964)738-1681,prhnmfep
IsaacBachman@gmail.com,Isaac,Bachman,(676)997-9018,obunwkch
MarthaLustig@gmail.com,Martha,Lustig,(498)906-7749,ycfvhvfa
ElliStannard@gmail.com,Elli,Stannard,(317)734-7777,wdoyyvfd
MissySteenberg@gmail.com,Missy,Steenberg,(480)472-1997,hubsakzt
LuzGrable@gmail.com,Luz,Grable,(325)289-3674,ebonwcro
JudsonDudek@gmail.com,Judson,Dudek,(882)786-9092,fvkggchx
MaxBento@gmail.com,Max,Bento,(472)910-8868,mxpkojln
HunterCoit@gmail.com,Hunter,Coit,(827)456-7214,kfeeonpt
SavannaPohlmann@gmail.com,Savanna,Pohlmann,(924)991-5405,hyzaaaui
EulahAgbayani@gmail.com,Eulah,Agbayani,(806)557-8114,narcvsus
ChelsieLichtenberger@gmail.com,Chelsie,Lichtenberger,(537)652-5828,zhwcwcqt
GertrudDaley@gmail.com,Gertrud,Daley,(201)796-2262,ktxtimss
DonnWimberley@gmail.com,Donn,Wimberley,(204)449-0745,okevqltl
CrissyKeyes@gmail.com,Crissy,Keyes,(609)473-6387,wwjziwzh
MaudieEdney@gmail.com,Maudie,Edney,(914)668-8570,nrfnculv
DetraBright@gmail.com,Detra,Bright,(589)442-6158,ofcxmbsv
SungStops@gmail.com,Sung,Stops,(704)794-1877,zcnnibbk
LucileHensler@gmail.com,Lucile,Hensler,(801)236-2945,iueqveii
ChuckCasteel@gmail.com,Chuck,Casteel,(776)418-6550,udaazoir
AlthaDelillo@gmail.com,Altha,Delillo,(271)300-6203,mvothzno
ToshikoCockrill@gmail.com,Toshiko,Cockrill,(636)325-5953,lgixiuwg
AaronBulow@gmail.com,Aaron,Bulow,(392)366-6313,xnqlnkqa
RalphSitu@gmail.com,Ralph,Situ,(682)651-1998,skogkova
DomenicaRevard@gmail.com,Domenica,Revard,(574)277-8583,fzveikkj
DixieSweeney@gmail.com,Dixie,Sweeney,(364)810-3726,yrhlalmq
IgnacioSnow@gmail.com,Ignacio,Snow,(466)590-0327,lxacyrtj
LillieWrona@gmail.com,Lillie,Wrona,(364)854-4751,lkyjtyvd
LisaDexter@gmail.com,Lisa,Dexter,(645)284-8819,vnrwpdjy
ArlettaKepler@gmail.com,Arletta,Kepler,(831)883-5975,sufseerq
KenyettaBarrentine@gmail.com,Kenyetta,Barrentine,(682)330-6934,fayswmuh
DeliaSeabrook@gmail.com,Delia,Seabrook,(648)664-8629,pbndlcvq
SantosEager@gmail.com,Santos,Eager,(377)961-0147,zznstgjf
StephnieSoldner@gmail.com,Stephnie,Soldner,(437)276-6263,omdnxvxq
NoahBaize@gmail.com,Noah,Baize,(343)897-1428,anqatatu
ChristopherCano@gmail.com,Christopher,Cano,(504)580-5639,qxhnrlbj
KarlaBarbosa@gmail.com,Karla,Barbosa,(723)627-9735,awgfhqag
FernandeBergfeld@gmail.com,Fernande,Bergfeld,(384)490-4306,lsuhqsau
TamLo@gmail.com,Tam,Lo,(685)809-5588,fyqpbhkj
KarissaEmery@gmail.com,Karissa,Emery,(332)982-0706,qfusnsax
JudyPrime@gmail.com,Judy,Prime,(948)430-8121,obgsfbxj
BereniceGrindstaff@gmail.com,Berenice,Grindstaff,(535)356-5691,cvldhcej
PegBrenes@gmail.com,Peg,Brenes,(820)893-1213,vcgctlng
JessieFralick@gmail.com,Jessie,Fralick,(534)974-0193,yewaaceh
ReggieLightsey@gmail.com,Reggie,Lightsey,(921)979-1621,yxoaqmzt
PeggieRady@gmail.com,Peggie,Rady,(489)920-7779,gvvlbbby
IvanaMarkel@gmail.com,Ivana,Markel,(210)774-4238,krnpbxfv
MarcelenePinson@gmail.com,Marcelene,Pinson,(721)393-6595,gueakiwu
FloreneGreenhill@gmail.com,Florene,Greenhill,(956)580-1513,ddsrngms
NicholleGreene@gmail.com,Nicholle,Greene,(852)830-4831,supfjala
LonnaMckillip@gmail.com,Lonna,Mckillip,(771)977-8768,qvnlsvbc
EulaJenny@gmail.com,Eula,Jenny,(496)925-1413,kjboryvw
MauroTheis@gmail.com,Mauro,Theis,(770)760-3178,ieboqael
HelgaMauro@gmail.com,Helga,Mauro,(967)872-6320,fodzwccz
AllegraHuntsman@gmail.com,Allegra,Huntsman,(609)728-3960,xhacatya
RobbyChavera@gmail.com,Robby,Chavera,(542)267-8717,ilusbvpy
TeenaTwining@gmail.com,Teena,Twining,(453)884-0288,lgbhjrkh
SolangeFlorence@gmail.com,Solange,Florence,(982)517-0103,qzwpjkjx
EldonJester@gmail.com,Eldon,Jester,(430)434-4594,qzsnzdvt
GenaSoriano@gmail.com,Gena,Soriano,(798)270-0393,tsdwhhlv
MaritaCarrington@gmail.com,Marita,Carrington,(436)669-5985,nrijexbg
KarlynPion@gmail.com,Karlyn,Pion,(256)817-5033,gpzqaifr
HillaryCave@gmail.com,Hillary,Cave,(444)774-9957,baiblcrd
LieselotteMckechnie@gmail.com,Lieselotte,Mckechnie,(639)258-7642,hqlogstj
MissyCzerwinski@gmail.com,Missy,Czerwinski,(888)987-0726,lgodmivv
DustiNaumann@gmail.com,Dusti,Naumann,(680)968-2229,zcanorcc
RosalvaFuhr@gmail.com,Rosalva,Fuhr,(394)335-5783,ygxptdpn
CammieZamzow@gmail.com,Cammie,Zamzow,(851)766-0314,pixgjbjf
JoesphValtierra@gmail.com,Joesph,Valtierra,(591)661-0780,tduetayx
LadawnPhinney@gmail.com,Ladawn,Phinney,(987)908-6320,arxxbsng
NarcisaKrebbs@gmail.com,Narcisa,Krebbs,(634)612-8106,gxefdfsu
IlanaSteffan@gmail.com,Ilana,Steffan,(890)424-2552,zpxwotyx
LorrettaLove@gmail.com,Lorretta,Love,(385)593-7876,ijcuobve
TashinaMenefee@gmail.com,Tashina,Menefee,(892)379-8163,drjutimb
ElviraGuillotte@gmail.com,Elvira,Guillotte,(570)779-0659,jhctfyzs
LoreleiSauseda@gmail.com,Lorelei,Sauseda,(988)247-4725,fjfhbhrs
MelvinaBorden@gmail.com,Melvina,Borden,(958)869-9277,saryedup
GlennisSalzano@gmail.com,Glennis,Salzano,(848)859-1820,znvojzyp
DulcieJohansson@gmail.com,Dulcie,Johansson,(987)679-0340,gyapfhiq
LuciPoisson@gmail.com,Luci,Poisson,(814)204-6378,zyvtshym
VivianaRosner@gmail.com,Viviana,Rosner,(969)430-9519,ylwfmllh
ThomasineChappelle@gmail.com,Thomasine,Chappelle,(577)890-5500,swgbdcga
SimonNapper@gmail.com,Simon,Napper,(311)696-2098,ogqgamch
KristoferComstock@gmail.com,Kristofer,Comstock,(397)452-0893,sxaoqwpd
KeniaHellickson@gmail.com,Kenia,Hellickson,(242)757-8456,kuesdsqw
MaricaTorgersen@gmail.com,Marica,Torgersen,(307)993-5184,hmzmqwws
GoldieGrissett@gmail.com,Goldie,Grissett,(544)979-4133,xzriqhkb
GertieCornell@gmail.com,Gertie,Cornell,(811)568-7492,hbwkotjs
MonetHenriques@gmail.com,Monet,Henriques,(957)652-7776,evthvyjd
JonieAsaro@gmail.com,Jonie,Asaro,(585)343-2920,zxskfkmp
RoselineLeroux@gmail.com,Roseline,Leroux,(855)522-1896,ioyjgwfi
RacquelMcfatridge@gmail.com,Racquel,Mcfatridge,(364)270-6320,tytkkozu
EdaGathers@gmail.com,Eda,Gathers,(435)664-9680,kcyphsnq
AudryMatsuo@gmail.com,Audry,Matsuo,(507)460-1104,xektssyl
WanetaStefaniak@gmail.com,Waneta,Stefaniak,(579)265-3637,abmywkyw
BettyannRuane@gmail.com,Bettyann,Ruane,(291)931-1115,qcdiaprc
JacalynHevey@gmail.com,Jacalyn,Hevey,(394)967-7554,mjmxqkbq
SiuMcnichols@gmail.com,Siu,Mcnichols,(811)661-2803,cppwdmfg
CandiPantano@gmail.com,Candi,Pantano,(524)396-6671,mbyredab
EdrisFriddle@gmail.com,Edris,Friddle,(247)834-3277,fuxepdqw
EtheleneMarine@gmail.com,Ethelene,Marine,(831)885-0650,qsugkdgt
AstridHilger@gmail.com,Astrid,Hilger,(600)933-6048,srayyrhp
KendrickFortune@gmail.com,Kendrick,Fortune,(960)588-8173,xkqjgnzs
ShavonGlass@gmail.com,Shavon,Glass,(660)333-5275,roeffcvk
MonicaWadley@gmail.com,Monica,Wadley,(924)413-5101,bgjqybst
AleidaMosely@gmail.com,Aleida,Mosely,(403)952-1917,wlfgjhds
AidaSamora@gmail.com,Aida,Samora,(246)862-8915,cxgsvauo
AdellaGivan@gmail.com,Adella,Givan,(938)756-5183,memprysc
CindiePurcell@gmail.com,Cindie,Purcell,(313)247-1826,ztteukkt
NicolleCutchin@gmail.com,Nicolle,Cutchin,(379)304-3983,kajjpvct
EvelyneOuzts@gmail.com,Evelyne,Ouzts,(320)825-4301,liryuttp
DrucillaTezeno@gmail.com,Drucilla,Tezeno,(661)876-2365,erowxwjj
OliviaBracco@gmail.com,Olivia,Bracco,(218)938-0526,wdedvsjl
NenitaQualls@gmail.com,Nenita,Qualls,(624)213-5567,jyuunnfu
AlizaRamsay@gmail.com,Aliza,Ramsay,(336)225-5575,pnkfxhmb
ArlindaProvost@gmail.com,Arlinda,Provost,(548)802-3312,oqmktsrr
FerminaGero@gmail.com,Fermina,Gero,(453)626-8827,vfxuatfz
BrentMcmillin@gmail.com,Brent,Mcmillin,(206)617-1954,svxmskha
GradyRakes@gmail.com,Grady,Rakes,(636)210-0590,nzbeuiif
LaurenDurrah@gmail.com,Lauren,Durrah,(330)675-0477,rwwdrdhk
SolomonLintner@gmail.com,Solomon,Lintner,(907)569-8246,vqqwyxdl
MohammedBriley@gmail.com,Mohammed,Briley,(943)230-8774,zulawvbh
VenusSilsby@gmail.com,Venus,Silsby,(841)530-4737,pqxcwzjp
BorisRuddell@gmail.com,Boris,Ruddell,(253)248-3549,ihzcxvsv
DelorseBroach@gmail.com,Delorse,Broach,(828)281-4765,gqchbazh
EboniMallari@gmail.com,Eboni,Mallari,(588)722-2882,dqjfbwtq
SudieCoppinger@gmail.com,Sudie,Coppinger,(711)699-1098,giboaaes
LatiaSwanner@gmail.com,Latia,Swanner,(595)853-4491,lbubajlj
IsiahWarburton@gmail.com,Isiah,Warburton,(781)568-9534,ntpnazur
RosendoQuattlebaum@gmail.com,Rosendo,Quattlebaum,(230)534-8134,voibebrx
LeslieBove@gmail.com,Leslie,Bove,(239)238-2799,rpcwatrx
RalphAult@gmail.com,Ralph,Ault,(584)284-5185,axdzfwpx
RosalbaSteinke@gmail.com,Rosalba,Steinke,(854)396-9825,vpezvqgi
MinnaToupin@gmail.com,Minna,Toupin,(538)704-3243,bxovjwnr
RocioDecuir@gmail.com,Rocio,Decuir,(420)878-4456,hyohrlno
MercedesGrisby@gmail.com,Mercedes,Grisby,(840)455-4928,atwjfclt
LucienNagler@gmail.com,Lucien,Nagler,(848)251-1953,arcleusw
ThuGoode@gmail.com,Thu,Goode,(886)856-9505,xwhylrkn
CelinaRitz@gmail.com,Celina,Ritz,(456)999-9267,vbxreenw
ShenitaDelaughter@gmail.com,Shenita,Delaughter,(340)601-2242,pfwkrtcz
AllineHeim@gmail.com,Alline,Heim,(877)505-9146,imoyysbj
ConnieHoltman@gmail.com,Connie,Holtman,(850)627-1921,lbqvqfim
AdrieneScheetz@gmail.com,Adriene,Scheetz,(665)607-7147,glyigdyj
RosalbaPrall@gmail.com,Rosalba,Prall,(993)372-8824,enxjbkhz
CatheyRottman@gmail.com,Cathey,Rottman,(546)327-1594,etvtyxjd
SauTekulve@gmail.com,Sau,Tekulve,(667)819-8812,cqrqofhq
LadonnaHunkins@gmail.com,Ladonna,Hunkins,(560)666-6074,novlprtp
ArdisLindblom@gmail.com,Ardis,Lindblom,(988)902-0126,nhppofvx
RosemaryPlatter@gmail.com,Rosemary,Platter,(832)252-3927,dkgcntfx
AssuntaDendy@gmail.com,Assunta,Dendy,(314)600-7482,wnfnydna
DeanMartins@gmail.com,Dean,Martins,(566)895-5843,ctdeyxnn
ReneeHauptman@gmail.com,Renee,Hauptman,(889)342-3020,fwxmheub
OwenChatmon@gmail.com,Owen,Chatmon,(339)938-2884,dgozuzyk
RoselineGibb@gmail.com,Roseline,Gibb,(581)442-5997,qdrittut
JuliaFontenot@gmail.com,Julia,Fontenot,(549)551-9732,cvnsbqfj
LakeishaKeeling@gmail.com,Lakeisha,Keeling,(590)622-5231,zqouferi
JolineMattern@gmail.com,Joline,Mattern,(305)269-6633,fiygcqsd
ThomasenaSchueler@gmail.com,Thomasena,Schueler,(270)728-7683,sbzrohgc
RaquelGleason@gmail.com,Raquel,Gleason,(547)283-3281,rbunywpu
SaranPickard@gmail.com,Saran,Pickard,(609)921-0035,feozwscw
MartinPlate@gmail.com,Martin,Plate,(564)913-1105,omkuwpha
MichalBickley@gmail.com,Michal,Bickley,(359)259-2277,ycmigmee
DottyNickens@gmail.com,Dotty,Nickens,(304)931-4112,puynequu
WaldoRhames@gmail.com,Waldo,Rhames,(506)693-8507,edvgscat
ShaniRuf@gmail.com,Shani,Ruf,(600)481-0077,nmsewzlj
ChetCave@gmail.com,Chet,Cave,(703)800-1550,oqqmtbxq
WillisAccardo@gmail.com,Willis,Accardo,(217)472-9599,fcxzhtdv
SandiVillanveva@gmail.com,Sandi,Villanveva,(371)607-9679,yizgbpkf
CarlynFasano@gmail.com,Carlyn,Fasano,(921)374-6012,dgbcwqek
JacksonGrasser@gmail.com,Jackson,Grasser,(349)753-6547,szmyoqvc
CiraSereno@gmail.com,Cira,Sereno,(942)952-7263,zeruhwxz
RhondaBartz@gmail.com,Rhonda,Bartz,(280)662-1003,yfjvsgsw
PatMarton@gmail.com,Pat,Marton,(675)767-8065,suzuzszn
BellKoester@gmail.com,Bell,Koester,(636)704-1339,icvzrzno
MauritaTelfer@gmail.com,Maurita,Telfer,(662)312-6565,puppflgt
RosaleeChampney@gmail.com,Rosalee,Champney,(809)301-1389,qnszgcjm
KalaLeavitt@gmail.com,Kala,Leavitt,(575)382-0265,umdxvdcy
MitsukoBeier@gmail.com,Mitsuko,Beier,(267)866-7467,pbqoddsw
PaolaTrew@gmail.com,Paola,Trew,(759)301-1460,dpddtwzo
JeramySpurr@gmail.com,Jeramy,Spurr,(985)447-3903,udjtkxqd
ArlindaCusson@gmail.com,Arlinda,Cusson,(800)863-5331,gecppodd
LouisSandoval@gmail.com,Louis,Sandoval,(965)849-0361,bsceppjw
AmaliaZigler@gmail.com,Amalia,Zigler,(863)254-0993,grbwnrou
VennieBernal@gmail.com,Vennie,Bernal,(970)648-7148,jlsmibof
KerenCollingsworth@gmail.com,Keren,Collingsworth,(621)905-5579,cjpnldji
AbramKulp@gmail.com,Abram,Kulp,(911)210-2921,fymabhzv
BreanaPasha@gmail.com,Breana,Pasha,(880)463-8335,cnehprkv
TamarBundy@gmail.com,Tamar,Bundy,(753)942-9999,wxmznhck
MatildaLinville@gmail.com,Matilda,Linville,(618)999-0459,vybqlcji
SherrilEason@gmail.com,Sherril,Eason,(856)227-8891,scpoyalq
CharissaMoreton@gmail.com,Charissa,Moreton,(201)959-9985,vglarcql
RolandoHoehn@gmail.com,Rolando,Hoehn,(711)948-3447,siheutpf
MimiStelle@gmail.com,Mimi,Stelle,(489)455-1815,hjikhlag
LouannImperato@gmail.com,Louann,Imperato,(556)345-6761,lyqrtzxd
JackelineHaberle@gmail.com,Jackeline,Haberle,(775)653-3864,pbvqehkx
JosphineChavis@gmail.com,Josphine,Chavis,(444)341-1856,wrqimwgf
KenyaBenedetti@gmail.com,Kenya,Benedetti,(536)633-2394,kkvuidzg
SimonWedel@gmail.com,Simon,Wedel,(661)200-2673,jdculwij
KelvinMcnutt@gmail.com,Kelvin,Mcnutt,(512)569-7345,wpgrhgzn
SharonPatten@gmail.com,Sharon,Patten,(979)740-3817,rddkyyvl
ValeriaAstle@gmail.com,Valeria,Astle,(464)277-3879,tnmhpvzk
LeolaMinard@gmail.com,Leola,Minard,(433)909-8408,zintopgo
HyunMurton@gmail.com,Hyun,Murton,(218)202-5493,vstpsjpi
DonnyPauling@gmail.com,Donny,Pauling,(285)901-2769,vkjabngy
GoldenBaltimore@gmail.com,Golden,Baltimore,(646)821-3150,pulxyaej
KileyKesner@gmail.com,Kiley,Kesner,(581)774-9054,egpbdavf
KittyDiederich@gmail.com,Kitty,Diederich,(958)569-5115,obuuuaun
DerrickCoby@gmail.com,Derrick,Coby,(710)577-4115,nnftwldq
JohnnieMongold@gmail.com,Johnnie,Mongold,(525)588-6526,aylyqvot
RobbieSquillante@gmail.com,Robbie,Squillante,(536)402-4000,flldnonu
LanitaMonk@gmail.com,Lanita,Monk,(495)850-4404,aevycsjw
TalithaEdie@gmail.com,Talitha,Edie,(317)242-3218,ntpkyzbd
AminaSaiki@gmail.com,Amina,Saiki,(471)428-4454,prhmgyan
BrainWierenga@gmail.com,Brain,Wierenga,(908)342-4728,enknznda
JohnnaKlotz@gmail.com,Johnna,Klotz,(493)862-8049,lfwabcuw
KathrinVento@gmail.com,Kathrin,Vento,(872)609-2444,djdxqart
HiediSauseda@gmail.com,Hiedi,Sauseda,(436)485-6932,riidntvn
ElnaLisowski@gmail.com,Elna,Lisowski,(969)859-0548,riptctdn
OraHolter@gmail.com,Ora,Holter,(799)831-8303,klwqfkxr
RoyalAllard@gmail.com,Royal,Allard,(831)472-3947,laxntami
BethanieFriedrichs@gmail.com,Bethanie,Friedrichs,(529)803-8458,mfhovido
HeidiMilot@gmail.com,Heidi,Milot,(534)349-4717,yyekcves
LeonMcarthur@gmail.com,Leon,Mcarthur,(535)489-5511,iixwnlzi
HolliPerl@gmail.com,Holli,Perl,(987)658-6286,ybkxlzub
AmieDrescher@gmail.com,Amie,Drescher,(889)983-4506,nyrnyrov
LuCarwell@gmail.com,Lu,Carwell,(741)869-7552,jrimlwut
StefanieHellickson@gmail.com,Stefanie,Hellickson,(576)748-2717,xigrsqew
CelestaPurdom@gmail.com,Celesta,Purdom,(289)569-5191,lzivywid
DellHenson@gmail.com,Dell,Henson,(560)221-4232,axuzboum
SonKelton@gmail.com,Son,Kelton,(459)521-7640,mxuidbjk
AlanaHeroux@gmail.com,Alana,Heroux,(433)447-0317,krxcxedz
KarleenRolan@gmail.com,Karleen,Rolan,(538)473-2427,lbvxmqve
ChunRodger@gmail.com,Chun,Rodger,(306)999-2728,jtjvxigt
GemmaBozek@gmail.com,Gemma,Bozek,(578)968-9960,urziedgp
IsrealDerby@gmail.com,Isreal,Derby,(234)609-3852,oylzbkus
GregorioFinlay@gmail.com,Gregorio,Finlay,(960)481-5411,pygslpmu
CelestinaKoen@gmail.com,Celestina,Koen,(510)738-5899,yxmjcmii
MadalynStrang@gmail.com,Madalyn,Strang,(579)582-7695,txrtlvhn
BrittLauritsen@gmail.com,Britt,Lauritsen,(484)762-8172,vnqlpmup
StaciaShams@gmail.com,Stacia,Shams,(601)406-3824,zaeypjcd
SoniaVermillion@gmail.com,Sonia,Vermillion,(928)551-4812,flbjapam
DixieAhumada@gmail.com,Dixie,Ahumada,(607)582-6025,zqbvmnsu
MarjoryRuble@gmail.com,Marjory,Ruble,(349)891-8945,omjmmsnf
HungYoshida@gmail.com,Hung,Yoshida,(500)780-2974,jfffifxc
KimberySimental@gmail.com,Kimbery,Simental,(492)995-8940,pcfvkdlo
MoraCockrum@gmail.com,Mora,Cockrum,(390)576-9129,okjaqbbn
RhettShadrick@gmail.com,Rhett,Shadrick,(540)552-5219,fbyjxrqz
MerlynOatis@gmail.com,Merlyn,Oatis,(961)584-9322,bvfkdgpj
ZandraOrtegon@gmail.com,Zandra,Ortegon,(651)387-0446,bifkynuz
ColetteLamoreaux@gmail.com,Colette,Lamoreaux,(484)662-1988,aejakigq
AdelleTrail@gmail.com,Adelle,Trail,(963)262-8793,lcsbonji
KenaSundberg@gmail.com,Kena,Sundberg,(637)734-4090,uwjurtcf
FePinon@gmail.com,Fe,Pinon,(807)324-2382,hcinacmi
YuBoelter@gmail.com,Yu,Boelter,(358)998-4976,rxkyzbvu
YongWesterman@gmail.com,Yong,Westerman,(895)888-7911,apsfzahn
CarmellaCarmen@gmail.com,Carmella,Carmen,(748)787-0571,ijzyeecj
GigiNottage@gmail.com,Gigi,Nottage,(233)293-7247,ttfbzaiq
FreemanVaillancourt@gmail.com,Freeman,Vaillancourt,(825)287-3680,kllqcvwi
YolandoPiller@gmail.com,Yolando,Piller,(262)726-6898,ilnmxhdv
TammeraLewandowski@gmail.com,Tammera,Lewandowski,(492)878-7900,agxnbeek
KrystinNord@gmail.com,Krystin,Nord,(693)496-5013,dkiuhuyz
ElijahCreekmore@gmail.com,Elijah,Creekmore,(763)691-8363,fmgdyspp
MirnaFamilia@gmail.com,Mirna,Familia,(782)379-4645,xasxlyuc
NiaPrater@gmail.com,Nia,Prater,(639)283-5530,vhnuqtjw
KennaMuncy@gmail.com,Kenna,Muncy,(472)400-6247,hlayyqcc
BrigidaFritz@gmail.com,Brigida,Fritz,(691)344-0206,sccyldqz
MaryettaLeath@gmail.com,Maryetta,Leath,(711)219-9450,negmudgx
BrianaRawls@gmail.com,Briana,Rawls,(617)449-2220,jotgesrs
AlaineVierra@gmail.com,Alaine,Vierra,(790)834-5254,mlqdfxmu
RomonaEguia@gmail.com,Romona,Eguia,(834)614-9494,kixzvgdf
ToriCappelli@gmail.com,Tori,Cappelli,(263)735-2446,duvnhozt
DwightBoydston@gmail.com,Dwight,Boydston,(449)327-2695,jsuzfmqp
VictorCrompton@gmail.com,Victor,Crompton,(430)471-0030,mbgnehbb
JennetteSimeon@gmail.com,Jennette,Simeon,(878)472-5222,fqszwsbg
BeatrizDolloff@gmail.com,Beatriz,Dolloff,(426)420-4005,vljydqxj
JulianaFolkers@gmail.com,Juliana,Folkers,(510)660-3617,vhfvyprz
GermaineGarfinkel@gmail.com,Germaine,Garfinkel,(443)572-1546,dhthdkdn
LesleeScarborough@gmail.com,Leslee,Scarborough,(434)644-1063,azqjihnd
LemuelHaefner@gmail.com,Lemuel,Haefner,(228)699-8088,gwralzaq
KarissaPeirce@gmail.com,Karissa,Peirce,(281)394-7494,rkjwbjes
BerryMewborn@gmail.com,Berry,Mewborn,(957)274-0202,wfabiqpw
AlyseBridge@gmail.com,Alyse,Bridge,(930)532-6698,aafcdpjm
NinaMillette@gmail.com,Nina,Millette,(594)589-1308,ewmppges
LeenaDonaldson@gmail.com,Leena,Donaldson,(208)616-5676,iqqyxyew
ArdelleDenver@gmail.com,Ardelle,Denver,(670)715-0726,necvfkkh
CarylonLeitch@gmail.com,Carylon,Leitch,(341)816-3789,adofembs
GaynelleMcknight@gmail.com,Gaynelle,Mcknight,(794)676-7127,ssquetbj
RachalEvett@gmail.com,Rachal,Evett,(963)381-4516,fyuqtbdg
HoneyGoines@gmail.com,Honey,Goines,(851)550-7614,rzyqwauh
GarrettHelbig@gmail.com,Garrett,Helbig,(482)257-0767,xrbzazef
GalaBillips@gmail.com,Gala,Billips,(645)533-4386,vettfbpt
FilomenaDymond@gmail.com,Filomena,Dymond,(848)854-5849,suzkvkwt
LashaundaPett@gmail.com,Lashaunda,Pett,(868)202-0476,ftjbxpzk
GilberteMcfadden@gmail.com,Gilberte,Mcfadden,(974)457-0566,rqfrqwea
PhebeValasquez@gmail.com,Phebe,Valasquez,(617)621-0855,nfltrxzp
ValrieSchooler@gmail.com,Valrie,Schooler,(813)499-2482,vrraeetr
KoriPetrone@gmail.com,Kori,Petrone,(644)697-8349,nouebgbz
RodgerHousand@gmail.com,Rodger,Housand,(957)754-8969,zytjvxvi
RuthanneTienda@gmail.com,Ruthanne,Tienda,(792)594-1860,jehmejxz
MelodeeDemaio@gmail.com,Melodee,Demaio,(727)704-3279,istuivre
KemberlyGrimaldi@gmail.com,Kemberly,Grimaldi,(402)441-2004,qlewjakl
GeniaStalker@gmail.com,Genia,Stalker,(561)762-8122,nwnfbufq
RoyceLazo@gmail.com,Royce,Lazo,(612)344-0911,xpcxpcft
MarlonOverturf@gmail.com,Marlon,Overturf,(530)353-7622,ogpiaeog
CarolynDraper@gmail.com,Carolyn,Draper,(553)866-8312,pgaqwmir
CristinLyden@gmail.com,Cristin,Lyden,(594)260-6035,rrfhjcaa
KimiTrotta@gmail.com,Kimi,Trotta,(811)633-0665,enxlooxv
ShaneEaston@gmail.com,Shane,Easton,(597)438-3146,xlwqetzb
MeiVallery@gmail.com,Mei,Vallery,(530)364-1659,azkzaxgs
AnjaWyatt@gmail.com,Anja,Wyatt,(460)981-2896,dzyfppud
CarmineHollar@gmail.com,Carmine,Hollar,(413)747-5844,qfzmqxba
EloiseVasko@gmail.com,Eloise,Vasko,(675)740-8302,tvtmpnhs
BrandieBergeson@gmail.com,Brandie,Bergeson,(476)911-1957,knyiorzo
HannaMccurley@gmail.com,Hanna,Mccurley,(889)667-6348,xahdvxrw
DarylRoussel@gmail.com,Daryl,Roussel,(822)482-2413,xdicewqe
BrittScheidler@gmail.com,Britt,Scheidler,(217)260-7470,qkceosqt
LucianaTwyman@gmail.com,Luciana,Twyman,(615)668-1143,ciwkcxay
CarinaLiebel@gmail.com,Carina,Liebel,(229)646-7633,awnwxffv
ErmelindaPolinsky@gmail.com,Ermelinda,Polinsky,(792)295-2824,cplxemeo
PorterBiddy@gmail.com,Porter,Biddy,(544)576-0619,nishkxhl
MarielaArmstrong@gmail.com,Mariela,Armstrong,(734)302-8554,kkjsnust
AntoineGieseke@gmail.com,Antoine,Gieseke,(714)791-9626,drhjniip
FlorineGuerra@gmail.com,Florine,Guerra,(206)501-2675,jzkzkeye
RenettaSeldon@gmail.com,Renetta,Seldon,(902)458-9578,saeofjsu
ZoraidaChadwell@gmail.com,Zoraida,Chadwell,(624)935-7793,lxtufuot
DeltaLathan@gmail.com,Delta,Lathan,(624)406-8834,skcezrxy
ShainaRobison@gmail.com,Shaina,Robison,(506)547-9840,xhsoamvq
LatonyaGularte@gmail.com,Latonya,Gularte,(528)430-7137,wlfyjyoj
NedraPiercy@gmail.com,Nedra,Piercy,(751)590-2271,zqpbsgzp
FloydHartline@gmail.com,Floyd,Hartline,(262)553-8747,qhvwyryu
ShondaHein@gmail.com,Shonda,Hein,(815)412-6825,faevllto
LuisaSchober@gmail.com,Luisa,Schober,(535)619-3277,vwiazknp
LatashaDressler@gmail.com,Latasha,Dressler,(220)887-6374,zzckdxhy
ArleenJo@gmail.com,Arleen,Jo,(719)859-3924,btojvmtd
SammieMao@gmail.com,Sammie,Mao,(444)876-6580,zzeguezj
JuleneHighfill@gmail.com,Julene,Highfill,(817)781-2270,dikzznjf
PorfirioJanzen@gmail.com,Porfirio,Janzen,(917)445-7539,qbdqyqbg
WilmaArtz@gmail.com,Wilma,Artz,(607)314-9700,hffwghlh
GradyKenan@gmail.com,Grady,Kenan,(868)427-1201,uuyrzzpi
RamonitaMarmo@gmail.com,Ramonita,Marmo,(330)755-4062,tesbphzs
FreedaGettings@gmail.com,Freeda,Gettings,(476)591-1501,acaweovi
AllanKeleher@gmail.com,Allan,Keleher,(408)548-6865,yoaplvxg
LonAnkney@gmail.com,Lon,Ankney,(211)968-8889,dbfbpfak
AlexandriaCuyler@gmail.com,Alexandria,Cuyler,(784)452-4750,cqkiwblf
RoryBerner@gmail.com,Rory,Berner,(848)827-6322,gfaypijn
BlytheSantacruz@gmail.com,Blythe,Santacruz,(261)308-4416,qhlaqqjt
MaDresser@gmail.com,Ma,Dresser,(622)753-8846,cscuxaqx
LaneRachal@gmail.com,Lane,Rachal,(613)913-2301,wcurxykn
BereniceFarnum@gmail.com,Berenice,Farnum,(965)293-3830,hbydzort
AntoineHarpin@gmail.com,Antoine,Harpin,(453)832-9380,ifryfvoc
RenitaOhman@gmail.com,Renita,Ohman,(940)616-0248,oodpzoke
EzequielTarbell@gmail.com,Ezequiel,Tarbell,(261)446-7490,rvnlzkro
ShariceCail@gmail.com,Sharice,Cail,(346)706-7712,ragylklr
JoelDietz@gmail.com,Joel,Dietz,(877)804-6890,wccnvsnc
MingCermak@gmail.com,Ming,Cermak,(518)839-7167,oygrrcnb
BertaAmsler@gmail.com,Berta,Amsler,(635)424-9891,xcnltlvh
SonaTooley@gmail.com,Sona,Tooley,(431)796-3378,skkuvmke
RosieMead@gmail.com,Rosie,Mead,(991)637-7664,yaxgmife
TomikoCardella@gmail.com,Tomiko,Cardella,(312)248-4053,gjtozlzb
StantonSkiles@gmail.com,Stanton,Skiles,(959)294-4971,omkvrzlx
JoettePedroza@gmail.com,Joette,Pedroza,(590)590-1310,nfiicvwe
YanAuman@gmail.com,Yan,Auman,(695)599-3075,gjrnwiax
MayaJaquez@gmail.com,Maya,Jaquez,(506)788-5579,fzpyykkg
KalynRumery@gmail.com,Kalyn,Rumery,(446)566-8045,qisyykqd
CarinCaudell@gmail.com,Carin,Caudell,(297)202-3238,dnivncyy
WesleySteffensmeier@gmail.com,Wesley,Steffensmeier,(876)759-6329,nnxlyahz
EverettHopwood@gmail.com,Everett,Hopwood,(429)700-5539,yujeiybu
CammieCalvi@gmail.com,Cammie,Calvi,(757)923-9568,ogrjcatk
SterlingSeibel@gmail.com,Sterling,Seibel,(904)805-3649,hezoaehg
SlyviaMulkey@gmail.com,Slyvia,Mulkey,(759)761-8260,bmceutxg
NickyBanas@gmail.com,Nicky,Banas,(859)427-9791,pqauhmdb
TrudiWhitehouse@gmail.com,Trudi,Whitehouse,(393)717-5960,svirenhb
VicenteSlovinsky@gmail.com,Vicente,Slovinsky,(664)789-0572,gysownad
ChristopherSocia@gmail.com,Christopher,Socia,(710)374-1970,qbvzclzb
MaiNau@gmail.com,Mai,Nau,(581)250-5123,cnifgvqc
JenelleKuehner@gmail.com,Jenelle,Kuehner,(893)550-2905,azckqznf
RayfordLoberg@gmail.com,Rayford,Loberg,(911)740-7770,wgxywoft
ErmaHarries@gmail.com,Erma,Harries,(347)389-8410,vhrwlnen
MikelYutzy@gmail.com,Mikel,Yutzy,(742)955-8071,ovwjhhha
JoellaGipson@gmail.com,Joella,Gipson,(724)206-1890,xvihboet
NovaBlum@gmail.com,Nova,Blum,(762)242-3896,saehnzui
LavernaCuriel@gmail.com,Laverna,Curiel,(943)248-5325,mxfhavct
JanelleVahle@gmail.com,Janelle,Vahle,(836)897-6946,ylzyokvb
HannahRumsey@gmail.com,Hannah,Rumsey,(783)642-3744,oivngfcq
LidaVandorn@gmail.com,Lida,Vandorn,(652)887-6135,atpiwfry
EmeraldLamprecht@gmail.com,Emerald,Lamprecht,(757)203-7848,zdpeyfix
KelsieLangton@gmail.com,Kelsie,Langton,(498)799-3699,mouowwey
SungHumes@gmail.com,Sung,Humes,(279)645-4891,pfiiualz
LorenzoMcquade@gmail.com,Lorenzo,Mcquade,(482)200-1768,yoaodvca
MonteFairall@gmail.com,Monte,Fairall,(362)632-2855,gelspaua
MervinGreenfield@gmail.com,Mervin,Greenfield,(207)484-8633,wkkhugaf
SalinaWilner@gmail.com,Salina,Wilner,(252)875-5499,nxjoxfcp
BirdieSowa@gmail.com,Birdie,Sowa,(377)679-2138,sarbvhlu
BrittenyArchuleta@gmail.com,Britteny,Archuleta,(276)859-1935,zjcssmst
NatishaLatour@gmail.com,Natisha,Latour,(810)611-0885,yuqjayyf
ArdathOrd@gmail.com,Ardath,Ord,(651)834-0669,kxitgcdq
ErmelindaTurner@gmail.com,Ermelinda,Turner,(981)583-5852,rrocprme
YoshieBazemore@gmail.com,Yoshie,Bazemore,(697)637-1407,nmbbaqjc
TommieCrissman@gmail.com,Tommie,Crissman,(821)301-2317,ajxjqujd
DaraKyles@gmail.com,Dara,Kyles,(416)950-5021,wjvwhorm
PollyDangerfield@gmail.com,Polly,Dangerfield,(238)292-6953,brloivfv
RandallEich@gmail.com,Randall,Eich,(557)682-3975,nwvpqrix
TamaTruss@gmail.com,Tama,Truss,(972)340-1147,bykxgmuh
JosetteBartmess@gmail.com,Josette,Bartmess,(596)313-6564,pjqqwzwz
TaishaFillion@gmail.com,Taisha,Fillion,(738)404-1039,qniwdebv
SheriseTenny@gmail.com,Sherise,Tenny,(661)460-9763,oyfzrugl
DestinyKeating@gmail.com,Destiny,Keating,(554)461-9306,imexvfmq
ClaytonLehrman@gmail.com,Clayton,Lehrman,(464)987-1947,xyfnhdhw
JewellSanks@gmail.com,Jewell,Sanks,(978)907-1743,dfixetkc
RoslynLaverriere@gmail.com,Roslyn,Laverriere,(760)531-4009,jgfukbxs
MartinSok@gmail.com,Martin,Sok,(241)913-2323,yryopenk
FelipeCullens@gmail.com,Felipe,Cullens,(302)599-0988,ogcwoody
SabinaRound@gmail.com,Sabina,Round,(687)424-6285,oypvtysp
KathlynCurro@gmail.com,Kathlyn,Curro,(762)451-3001,iwvxsjxs
RaleighGlorioso@gmail.com,Raleigh,Glorioso,(585)971-6431,mqggpxih
CelenaRosel@gmail.com,Celena,Rosel,(256)966-2324,mwknxynu
AnniceTrail@gmail.com,Annice,Trail,(462)892-7184,rhirnngy
JustaSeaton@gmail.com,Justa,Seaton,(930)731-9087,mdtycfzn
VenaFulk@gmail.com,Vena,Fulk,(847)330-3674,zialgnbi
DionneBerthold@gmail.com,Dionne,Berthold,(885)219-5495,nhdpchxc
FlorHennen@gmail.com,Flor,Hennen,(873)943-1985,wpocqbqb
EzekielGermann@gmail.com,Ezekiel,Germann,(434)508-2499,batnzdbe
GeraldGoettl@gmail.com,Gerald,Goettl,(756)893-0878,hycntohm
VicenteBreuer@gmail.com,Vicente,Breuer,(717)890-4902,lnbddusn
ShuRanson@gmail.com,Shu,Ranson,(579)978-0050,fofhiggh
RobenaPocock@gmail.com,Robena,Pocock,(524)939-7157,uxgayzay
YvoneGasaway@gmail.com,Yvone,Gasaway,(553)988-8615,itrswarc
HarrietteBonham@gmail.com,Harriette,Bonham,(748)425-3074,jtvuovkb
EvalynSansone@gmail.com,Evalyn,Sansone,(436)711-6301,rmmnmabe
SharronCondrey@gmail.com,Sharron,Condrey,(929)241-9284,wlurrxqx
StefanyGeier@gmail.com,Stefany,Geier,(870)607-5482,gzbnvhbn
DarcieHeimbach@gmail.com,Darcie,Heimbach,(685)636-5262,fuqnpjgz
TeriPeak@gmail.com,Teri,Peak,(434)721-5978,wunbbbrv
MoriahRuffner@gmail.com,Moriah,Ruffner,(509)829-8882,pbcavnfc
StarlaMarchant@gmail.com,Starla,Marchant,(446)567-3770,fsecyzoj
DonnHight@gmail.com,Donn,Hight,(808)683-5276,trounqvr
RoryRothenberger@gmail.com,Rory,Rothenberger,(891)806-9623,nmfcrpuq
DaniloParham@gmail.com,Danilo,Parham,(597)357-2258,iffcrmmr
RamiroAlves@gmail.com,Ramiro,Alves,(461)809-3921,qjdgejxg
EltonSpiers@gmail.com,Elton,Spiers,(332)718-8768,qnwcduvh
DeliciaPaulding@gmail.com,Delicia,Paulding,(917)210-7308,hgkbdjgf
JeneeGales@gmail.com,Jenee,Gales,(683)543-9836,cdexqttc
DavinaTrevathan@gmail.com,Davina,Trevathan,(574)867-1830,sutnnnot
